<?xml version="1.0" encoding="UTF-8"?>
<project-private xmlns="http://www.netbeans.org/ns/project-private/1">
    <editor-bookmarks xmlns="http://www.netbeans.org/ns/editor-bookmarks/2" lastBookmarkId="0"/>
    <open-files xmlns="http://www.netbeans.org/ns/projectui-open-files/2">
        <group>
            <file>file:/Users/macbookair/Documents/Taller6PO/taller06-Arianna0206/Hospital/src/paquete1/Ciudad.java</file>
            <file>file:/Users/macbookair/Documents/Taller6PO/taller06-Arianna0206/Hospital/src/paquete1/EntidadHospitalaria.java</file>
            <file>file:/Users/macbookair/Documents/Taller6PO/taller06-Arianna0206/Hospital/src/paquete2/Principal.java</file>
            <file>file:/Users/macbookair/Documents/Taller6PO/taller06-Arianna0206/Hospital/src/paquete1/Enfermero.java</file>
            <file>file:/Users/macbookair/Documents/Taller6PO/taller06-Arianna0206/Hospital/src/paquete1/Medico.java</file>
        </group>
    </open-files>
</project-private>
